user_id,first_name,last_name,email,gender,favorite_genres,user_created_at,user_updated_at,history_created_at,history_updated_at,song_id,name,artist,songwriters,duration,genres,album,song_created_at,song_updated_at
55855,Ashley,Nicholson,taylorrose@example.net,Agender,Classical,2023-10-11T22:20:56.779891,2024-10-22T18:46:43.613496,2024-06-27T12:04:41.904806,2024-07-06T08:48:41.531794,76364,agree,Catherine Wright,Donna Carrillo,58:27,by,voice,2023-04-18T00:16:53.795934,2024-11-04T11:43:32.862759
75966,Richard,Wong,vwebster@example.net,Gender questioning,Alternative,2023-06-16T22:36:38.219023,2024-04-03T23:04:06.764235,2024-12-03T01:59:06.245839,2025-01-01T09:47:28.768023,58444,win,Joyce Perez DDS,Sarah Stanton,55:15,still,which,2023-02-13T14:24:35.873788,2024-05-25T11:01:26.385948
75966,Richard,Wong,vwebster@example.net,Gender questioning,Alternative,2023-06-16T22:36:38.219023,2024-04-03T23:04:06.764235,2024-12-03T01:59:06.245839,2025-01-01T09:47:28.768023,58811,billion,Jennifer Hernandez,Brenda Daniel,40:18,teach,model,2023-06-18T00:18:01.108978,2024-07-01T06:44:52.625870
66281,Matthew,Daniels,williammoran@example.net,Genderfluid,Punk,2023-09-03T20:49:15.896996,2024-09-01T01:54:01.775376,2023-07-17T16:52:57.361842,2023-09-28T12:06:27.044064,14401,young,Courtney Smith,Maria Robinson,58:26,often,seat,2023-03-11T11:44:44.723811,2024-12-19T20:39:48.114736
89645,Jessica,Reid,klewis@example.net,Genderfluid,Techno,2024-05-20T04:04:10.172380,2024-08-07T04:41:49.881412,2025-01-27T15:22:32.550188,2025-01-29T16:42:52.361392,13695,maintain,Tiffany Howard,Kevin Adams,47:57,federal,when,2024-05-14T08:04:15.222385,2024-07-01T10:54:52.415017
89645,Jessica,Reid,klewis@example.net,Genderfluid,Techno,2024-05-20T04:04:10.172380,2024-08-07T04:41:49.881412,2025-01-27T15:22:32.550188,2025-01-29T16:42:52.361392,53848,school,Roy Estes,Dennis Hansen,23:44,various,care,2024-12-18T12:36:28.395790,2024-10-03T08:40:58.744186
40719,Miguel,Mccullough,schneidergary@example.org,Gender nonconforming,Electronic,2023-10-30T09:58:15.568794,2024-10-24T04:33:42.793191,2024-12-09T13:07:18.723722,2025-01-04T09:26:33.212181,8848,field,John Conner,Christopher Parks,57:17,method,story,2023-07-18T01:39:49.865180,2024-08-03T08:14:54.675807
14591,Nicole,Carter,traci55@example.net,Gender nonconforming,Electronic,2024-09-14T08:06:32.827920,2024-02-16T21:26:13.330785,2023-02-07T09:56:24.508978,2024-04-27T00:34:55.800641,23619,try,Andrea Harris,Ashley Barry,52:41,alone,improve,2024-10-26T22:17:33.920722,2024-04-14T14:42:11.726395
30861,Jeffrey,Hall,emily95@example.org,Non-binary,Jazz,2024-02-01T15:55:32.937462,2024-12-08T14:35:08.627885,2024-06-16T01:55:18.548978,2025-01-22T11:25:10.052898,50595,until,Kyle Davis,Melanie Krause,38:54,explain,place,2023-05-05T03:49:41.753997,2024-07-23T17:16:14.461037
40867,Sophia,Melton,ruth46@example.net,Female,Jazz,2024-08-10T23:03:38.386980,2024-11-15T08:10:22.126194,2023-08-12T04:48:47.594952,2024-08-03T03:55:04.008435,27531,culture,Jasmine Weber,Bobby White,36:58,anything,name,2024-08-29T01:55:29.763323,2025-01-20T05:04:58.710590
32113,Luke,Mckee,dwillis@example.org,Agender,Funk,2024-05-26T06:06:18.100096,2024-04-21T00:52:51.211600,2023-08-22T16:24:02.172420,2024-03-13T12:47:26.535421,6524,worry,Robert Smith,Jasmine Little,12:28,wind,show,2024-06-03T07:15:08.312731,2024-08-23T19:38:30.496288
56509,Michael,Williams,clarkamanda@example.org,Genderqueer,Alternative,2023-11-10T12:09:44.295255,2024-02-11T22:55:20.324966,2024-08-26T01:04:19.286316,2024-12-26T02:18:02.954192,58879,official,Jeffrey Johnson,Melissa Roberts,48:13,garden,represent,2023-08-23T07:26:08.375484,2024-05-02T19:35:13.523794
84835,Jesus,Taylor,cathy38@example.com,Female,Jazz,2024-01-22T18:42:04.944150,2024-12-25T19:52:46.714427,2023-03-30T06:47:57.379492,2024-01-19T05:44:13.044737,50595,until,Kyle Davis,Melanie Krause,38:54,explain,place,2023-05-05T03:49:41.753997,2024-07-23T17:16:14.461037
90140,Michele,Miller,seanarnold@example.com,Genderqueer,Punk,2023-03-25T06:08:27.021225,2024-05-23T08:06:32.928841,2024-06-21T02:11:22.960210,2024-07-02T01:51:05.815113,37156,material,Nicholas Ruiz,Rebecca White,01:35,box,hair,2024-02-18T09:57:55.920088,2024-07-20T16:36:36.102369
90140,Michele,Miller,seanarnold@example.com,Genderqueer,Punk,2023-03-25T06:08:27.021225,2024-05-23T08:06:32.928841,2024-06-21T02:11:22.960210,2024-07-02T01:51:05.815113,89514,including,Kevin Long,Monique Jenkins,31:53,staff,agree,2023-06-14T18:41:35.477957,2024-02-07T05:42:08.512790
67867,Jessica,Robinson,vparker@example.net,Non-binary,Electronic,2024-01-24T10:09:26.342911,2024-08-10T13:36:12.142703,2024-08-24T18:39:15.212852,2024-10-29T06:18:45.861650,90098,protect,Roy Jennings,Terry Gallagher,24:27,beautiful,would,2024-10-23T21:18:16.611863,2024-04-04T11:18:38.248436
82262,Matthew,Horne,dparker@example.org,Male,Rock,2024-05-15T00:52:01.586465,2024-12-01T17:52:33.026218,2023-12-09T19:25:38.833530,2024-08-09T00:56:29.741265,62652,four,Alicia Zuniga,Mark Mckenzie,50:12,beat,win,2024-10-30T22:44:56.850503,2025-01-21T21:24:27.771262
82262,Matthew,Horne,dparker@example.org,Male,Rock,2024-05-15T00:52:01.586465,2024-12-01T17:52:33.026218,2023-12-09T19:25:38.833530,2024-08-09T00:56:29.741265,7919,wall,Christian Mack,Gina Miller,11:45,wife,agreement,2024-07-26T23:08:45.620417,2024-03-31T03:00:40.274150
17300,Amy,Rodriguez,cperez@example.net,Gender nonconforming,Jazz,2024-10-08T18:24:02.735799,2025-01-30T00:01:33.666502,2023-05-07T18:52:17.724181,2023-09-20T09:13:12.354004,12146,enough,Christopher Foster,Aaron Torres,25:26,right,east,2023-07-10T22:16:38.653442,2024-07-12T21:26:28.792083
63744,Laura,Bell,snorris@example.net,Genderfluid,Country,2023-04-11T06:52:42.701430,2024-06-19T17:48:21.988656,2023-11-09T09:27:52.404873,2025-01-15T16:01:15.817018,89514,including,Kevin Long,Monique Jenkins,31:53,staff,agree,2023-06-14T18:41:35.477957,2024-02-07T05:42:08.512790
31555,Sandra,Preston,april43@example.net,Agender,Jazz,2024-11-22T00:34:28.093296,2024-12-03T13:27:56.275227,2023-06-12T10:26:12.209978,2023-12-11T12:49:14.816452,3247,general,Travis Johnson,Adam Collins,25:27,late,lead,2023-11-27T05:24:31.351411,2024-02-17T16:41:28.715537
49674,Marilyn,Diaz,sandrawashington@example.net,Non-binary,Punk,2024-11-24T16:00:00.208590,2024-05-22T03:29:55.776384,2025-01-01T15:19:25.148394,2025-01-28T12:08:22.652506,16206,easy,Timothy Bartlett,Hannah Gutierrez,18:06,heart,hard,2023-11-14T18:45:09.854881,2024-05-20T20:12:08.571431
70564,Margaret,Brooks,hbarnett@example.org,Gender questioning,Pop,2024-11-03T19:46:59.371670,2024-05-05T02:40:25.300758,2024-07-14T00:23:20.492682,2024-09-11T05:07:19.669061,85608,deep,Ronald Gutierrez,Sydney Watts,40:29,player,system,2024-06-16T17:03:01.345147,2024-07-15T16:45:39.463906
85374,Sharon,Hall,rebeccaserrano@example.net,Bigender,Metal,2023-05-07T10:55:32.840832,2024-05-15T14:23:55.997295,2023-07-14T09:32:57.854234,2024-06-03T16:42:05.679303,61650,job,James Morgan,Kelly Williamson,48:05,without,product,2025-01-11T18:04:12.144026,2025-01-15T15:06:04.858576
6129,Rachel,Todd,jhill@example.org,Female,Electronic,2023-08-06T23:55:57.319147,2024-02-17T03:48:56.522106,2024-03-01T22:35:28.824758,2024-07-05T20:40:21.837872,90098,protect,Roy Jennings,Terry Gallagher,24:27,beautiful,would,2024-10-23T21:18:16.611863,2024-04-04T11:18:38.248436
61698,James,Logan,rebecca29@example.net,Female,Country,2024-11-08T20:31:25.425469,2024-02-07T17:49:26.829378,2023-05-02T09:14:37.142285,2024-02-10T14:54:52.782721,15729,computer,Christina Wagner,Daniel Perez,59:23,writer,wear,2024-03-11T21:28:05.017388,2025-01-20T22:52:33.938034
54194,Judy,Wise,fgriffin@example.org,Agender,Reggae,2024-08-08T23:54:30.648090,2024-02-18T13:47:45.888409,2023-06-23T10:36:51.857574,2025-01-28T10:51:09.314543,17847,vote,Kelly Reyes,Benjamin Howell,58:36,help,east,2024-04-08T15:07:07.322760,2024-11-15T14:31:20.159614
65806,Bruce,Vazquez,vhowell@example.org,Bigender,Hip Hop,2023-10-05T21:25:42.708232,2024-08-10T08:45:53.568007,2024-02-22T23:25:35.969914,2024-06-20T12:34:13.670464,85608,deep,Ronald Gutierrez,Sydney Watts,40:29,player,system,2024-06-16T17:03:01.345147,2024-07-15T16:45:39.463906
65806,Bruce,Vazquez,vhowell@example.org,Bigender,Hip Hop,2023-10-05T21:25:42.708232,2024-08-10T08:45:53.568007,2024-02-22T23:25:35.969914,2024-06-20T12:34:13.670464,54870,same,Rebecca Lopez,Tom Miller,49:32,institution,run,2025-01-14T16:29:52.988997,2024-10-20T22:26:41.005348
49398,Michael,Shelton,barnesjon@example.net,Genderfluid,Alternative,2023-05-27T22:01:37.445194,2024-06-18T01:48:58.589132,2023-04-08T15:20:03.586660,2023-10-21T07:26:36.513394,14401,young,Courtney Smith,Maria Robinson,58:26,often,seat,2023-03-11T11:44:44.723811,2024-12-19T20:39:48.114736
81992,Michelle,Bernard,carmen50@example.com,Agender,Punk,2024-10-25T15:17:36.386888,2024-03-06T04:46:30.552479,2024-12-09T03:53:27.862432,2025-01-24T12:07:43.611445,55304,production,Lori Norman,Shane Miller,22:54,play,page,2023-05-23T02:22:48.151828,2024-10-22T07:13:38.163788
50324,Steven,Jones,glasskrystal@example.com,Gender nonconforming,R&B,2024-05-26T15:14:07.532068,2024-04-11T20:01:11.494930,2024-01-09T11:43:58.741430,2024-02-15T05:33:04.416617,55304,production,Lori Norman,Shane Miller,22:54,play,page,2023-05-23T02:22:48.151828,2024-10-22T07:13:38.163788
30332,Johnathan,Browning,elizabethreid@example.org,Bigender,Metal,2024-07-14T18:08:01.055145,2024-12-19T21:15:52.709356,2024-12-31T12:33:33.297043,2025-01-23T12:17:46.791962,54757,because,Eric Hernandez,Ryan Jones,04:11,sense,plan,2023-11-07T23:30:47.766818,2024-10-18T20:55:43.649302
94513,Jacob,Jordan,tara74@example.com,Genderfluid,Indie,2023-12-10T05:15:03.532035,2024-10-19T18:59:19.663420,2023-10-25T04:16:02.125396,2024-04-20T00:06:57.655728,89514,including,Kevin Long,Monique Jenkins,31:53,staff,agree,2023-06-14T18:41:35.477957,2024-02-07T05:42:08.512790
43527,Tracy,Friedman,dtorres@example.net,Gender questioning,Alternative,2023-08-26T06:36:19.191517,2024-05-16T18:33:40.091668,2023-12-17T08:51:58.618185,2024-01-07T10:49:34.704959,95601,dog,Kevin Ryan,Alyssa Bean,37:55,simple,item,2023-08-28T12:07:26.408425,2024-08-29T07:52:53.775058
22269,Erin,Singh,steven57@example.net,Agender,Country,2024-09-10T00:20:14.731626,2024-08-25T19:00:03.390637,2023-09-23T15:21:24.884769,2024-06-21T13:48:35.146423,3247,general,Travis Johnson,Adam Collins,25:27,late,lead,2023-11-27T05:24:31.351411,2024-02-17T16:41:28.715537
21472,Rebecca,Francis,andrewellis@example.net,Non-binary,Alternative,2024-01-01T00:51:41.453449,2024-12-17T23:38:53.304272,2023-02-19T19:37:30.720111,2023-12-06T14:04:28.179335,58444,win,Joyce Perez DDS,Sarah Stanton,55:15,still,which,2023-02-13T14:24:35.873788,2024-05-25T11:01:26.385948
21472,Rebecca,Francis,andrewellis@example.net,Non-binary,Alternative,2024-01-01T00:51:41.453449,2024-12-17T23:38:53.304272,2023-02-19T19:37:30.720111,2023-12-06T14:04:28.179335,15729,computer,Christina Wagner,Daniel Perez,59:23,writer,wear,2024-03-11T21:28:05.017388,2025-01-20T22:52:33.938034
46625,Sean,Perry,nicole60@example.org,Genderfluid,Techno,2023-07-19T14:54:13.181456,2024-03-03T11:27:16.156069,2023-06-07T11:03:01.978910,2023-10-03T14:43:24.481684,9189,environmental,Alexandra Hernandez,Brandon Brown,59:55,away,myself,2024-12-17T22:51:04.183060,2024-03-18T12:56:45.919228
30398,Amy,Wilkerson,marshallsharon@example.net,Agender,Metal,2024-03-21T14:48:52.406121,2024-02-15T12:58:49.617955,2025-01-05T07:15:42.843581,2025-01-29T17:09:17.408376,69538,war,Martin Ortega,Thomas Roth,09:55,way,different,2023-10-27T21:48:49.078327,2024-10-05T16:59:56.097964
30398,Amy,Wilkerson,marshallsharon@example.net,Agender,Metal,2024-03-21T14:48:52.406121,2024-02-15T12:58:49.617955,2025-01-05T07:15:42.843581,2025-01-29T17:09:17.408376,23987,among,Robert Webb,Christopher Pruitt,51:02,west,attorney,2023-10-30T04:31:45.764858,2024-08-04T15:24:24.918396
92102,Patrick,Jennings,margaretgomez@example.com,Gender questioning,Folk,2025-01-30T20:17:09.022673,2024-10-05T23:41:58.704606,2025-01-14T19:13:36.065657,2025-01-28T21:39:49.098587,62099,suffer,Angela Mcclain,Richard Summers,38:29,second,pick,2023-09-19T19:04:26.616754,2024-11-16T22:51:34.624436
75091,Jenny,Caldwell,christopher51@example.com,Genderfluid,Jazz,2024-02-02T17:32:36.215552,2024-05-12T02:41:20.056097,2023-10-05T21:01:07.167000,2024-09-26T06:01:09.245577,70652,may,Kendra Schwartz,Amanda Long,30:19,individual,improve,2024-03-10T21:49:59.928862,2024-04-26T19:08:48.761535
83236,James,Newman,janejohnson@example.com,Gender questioning,Blues,2025-01-21T10:57:31.592283,2024-09-30T18:02:43.972731,2023-04-05T10:42:26.684751,2024-10-30T05:11:22.920915,54287,alone,Jamie Torres,Cameron Fernandez,49:45,quickly,idea,2024-06-29T02:15:01.733257,2024-07-24T19:33:59.906630
17753,Anthony,Gomez,tammytorres@example.org,Agender,Hip Hop,2023-08-12T23:22:21.661653,2024-05-28T04:44:33.074134,2023-11-10T12:45:07.036353,2024-02-14T12:20:42.604884,2880,center,Catherine Kelly,Wayne Rogers,10:44,establish,ten,2024-12-19T04:57:16.223218,2024-11-10T07:18:56.218702
55368,Anna,Barber,colleen86@example.org,Gender questioning,Reggae,2023-07-22T17:41:57.764633,2024-09-04T11:41:15.732947,2023-11-21T14:11:59.160490,2024-02-09T13:43:45.212230,57090,economic,Dustin Powell,Heather Long,51:10,radio,at,2024-08-04T04:46:37.047879,2024-11-27T20:12:47.555151
